gemeenten_2022,bevolking_totaal
Aa en Hunze,25579
Assen,68979
Borger-Odoorn,25681
Coevorden,35517
De Wolden,24511
Emmen,107856
Hoogeveen,55857
Meppel,34761
Midden-Drenthe,33689
Noordenveld,31238
Tynaarlo,34221
Westerveld,19854
Almere,217828
Dronten,42865
Lelystad,81214
Noordoostpolder,48048
Urk,21468
Zeewolde,23348
Achtkarspelen,27954
Ameland,3757
Dantumadeel,NA
De Fryske Marren,51597
Harlingen,15904
Heerenveen,51119
Leeuwarden,125504
Noardeast-Fryslân,45593
Ooststellingwerf,25680
Opsterland,29791
Schiermonnikoog,944
Smallingerland,55895
Súdwest-Fryslân,90300
Terschelling,4960
Tytsjerksteradiel,32282
Vlieland,1195
Waadhoeke,46309
Weststellingwerf,26278
Aalten,27100
Apeldoorn,165611
Arnhem,163888
Barneveld,60584
Berg en Dal,34951
Berkelland,43850
Beuningen,26235
Bronckhorst,36077
Brummen,20890
Buren,27155
Culemborg,29397
Doesburg,11036
Doetinchem,58546
Druten,19178
Duiven,24946
Ede,119986
Elburg,23740
Epe,33257
Ermelo,27258
Harderwijk,48857
Hattem,12307
Heerde,18976
Heumen,17175
Kesteren,NA
Lingewaard,46963
Lochem,34069
Maasdriel,25504
Montferland,36359
Nijkerk,44311
Nijmegen,179100
Nunspeet,28223
Oldebroek,23930
Oost Gelre,29603
Oude IJsselstreek,39387
Overbetuwe,48266
Putten,24598
Renkum,31358
Rheden,43435
Rozendaal,1756
Scherpenzeel,10317
Tiel,42277
Voorst,24994
Wageningen,39939
West Betuwe,51971
West Maas en Waal,19675
Westervoort,14944
Wijchen,41344
Winterswijk,29185
Zaltbommel,29957
Zevenaar,44645
Zutphen,48330
Eemsdelta,45389
Groningen,234950
Het Hogeland,48022
Midden-Groningen,60898
Oldambt,38521
Pekela,12196
Stadskanaal,31851
Veendam,27466
Westerkwartier,64306
Westerwolde,26571
IJsselmeer,NA
Beek,15817
Beekdaelen,35922
Beesel,13408
Bergen,29723
Brunssum,27674
Echt-Susteren,31731
Eijsden-Margraten,25857
Gennep,17237
Gulpen-Wittem,14178
Heerlen,86845
Horst aan de Maas,43039
Kerkrade,45324
Landgraaf,37023
Leudal,35928
Maasgouw,24028
Maastricht,121151
Meerssen,18581
Mook en Middelaar,7989
Nederweert,17323
Peel en Maas,44278
Roerdalen,20558
Roermond,59184
Simpelveld,10425
Sittard-Geleen,91719
Stein,24803
Vaals,10135
Valkenburg aan de Geul,16167
Venlo,102136
Venray,43964
Voerendaal,12426
Weert,50346
's-Hertogenbosch,156538
Alphen-Chaam,10425
Altena,57009
Asten,17068
Baarle-Nassau,6931
Bergeijk,18879
Bergen op Zoom,67894
Bernheze,31715
Best,30608
Bladel,20718
Boekel,11030
Boxmeer,NA
Boxtel,33129
Breda,184702
Cranendonck,20669
Cuijk,NA
Deurne,32606
Dongen,26483
Drimmelen,27476
Eersel,19823
Eindhoven,238326
Etten-Leur,44152
Geertruidenberg,21944
Geldrop-Mierlo,40131
Gemert-Bakel,31040
Gilze en Rijen,26557
Goirle,23979
Grave,NA
Halderberge,30770
Heeze-Leende,16470
Helmond,93476
Heusden,45557
Hilvarenbeek,15810
Laarbeek,22943
Landerd,NA
Loon op Zand,23768
Meierijstad,82613
Mill en Sint Hubert,NA
Moerdijk,37313
Nuenen c.a.,NA
Oirschot,19061
Oisterwijk,32503
Oosterhout,56535
Oss,93307
Reusel-De Mierden,13271
Roosendaal,77244
Rucphen,23326
Sint-Michielsgestel,29731
Sint Anthonis,NA
Someren,19701
Son en Breugel,17775
Steenbergen,24333
Tilburg,224459
Uden,NA
Valkenswaard,31236
Veldhoven,45822
Vught,31783
Waalre,17626
Waalwijk,49342
Woensdrecht,22112
Zundert,22260
Aalsmeer,32452
Alkmaar,110783
Amstelveen,92331
Amsterdam,882633
Beemster,NA
Beverwijk,42084
Blaricum,12359
Bloemendaal,23732
Castricum,36263
Den Helder,56334
Diemen,31822
Drechterland,19983
Edam-Volendam,36471
Enkhuizen,18620
Gooise Meren,58846
Haarlem,162898
Haarlemmermeer,159336
Heemskerk,39189
Heemstede,27557
Heerhugowaard,NA
Heiloo,24417
Hilversum,91733
Hollands Kroon,48778
Hoorn,74298
Huizen,40938
Koggenland,23048
Landsmeer,11560
Langedijk,NA
Laren,NA
Medemblik,45464
Oostzaan,9639
Opmeer,12074
Ouder-Amstel,14212
Purmerend,92240
Schagen,46833
Stede Broec,21947
Texel,13687
Uitgeest,13563
Uithoorn,31018
Velsen,68482
Waterland,17343
Weesp,20766
Wijdemeren,24494
Wormerland,16381
Zaanstad,157166
Zandvoort,17107
Almelo,73155
Borne,24007
Dalfsen,29162
Deventer,101446
Dinkelland,26594
Enschede,160640
Haaksbergen,24268
Hardenberg,61798
Hellendoorn,35940
Hengelo,81476
Hof van Twente,35056
Kampen,54791
Losser,23084
Oldenzaal,31741
Olst-Wijhe,18496
Ommen,18457
Raalte,38140
Rijssen,38231
Staphorst,17282
Steenwijkerland,44741
Tubbergen,21364
Twenterand,33718
Wierden,24643
Zwartewaterland,23012
Zwolle,130668
Amersfoort,158590
Baarn,24876
Bunnik,15590
Bunschoten,22325
De Bilt,43508
De Ronde Venen,44955
Eemnes,9450
Houten,50323
IJsselstein,33429
Leusden,30713
Lopik,14512
Montfoort,13818
Nieuwegein,64554
Oudewater,10159
Renswoude,5651
Rhenen,20265
Soest,47113
Stichtse Vecht,65240
Utrecht,NA
Utrechtse Heuvelrug,49981
Veenendaal,67671
Vijfheerenlanden,58788
Wijk bij Duurstede,23921
Woerden,52882
Woudenberg,13873
Zeist,65987
Borsele,22847
Goes,38950
Hulst,27533
Kapelle,13020
Middelburg,NA
Noord-Beveland,7668
Reimerswaal,22920
Schouwen-Duiveland,34152
Sluis,23141
Terneuzen,54501
Tholen,26401
Veere,21850
Vlissingen,44585
Zeeuwse meren,NA
's-Gravenhage,553417
Alblasserdam,20087
Albrandswaard,25934
Alphen aan den Rijn,112926
Barendrecht,48714
Bodegraven-Reeuwijk,35752
Brielle,17704
Capelle aan den IJssel,67188
Delft,104572
Dordrecht,119537
Goeree-Overflakkee,51051
Gorinchem,37632
Gouda,74095
Hardinxveld-Giessendam,18511
Hellevoetsluis,40574
Hendrik-Ido-Ambacht,31663
Hillegom,22312
Hoeksche Waard,88715
Kaag en Braassem,27895
Katwijk,66032
Krimpen aan den IJssel,29415
Krimpenerwaard,57062
Lansingerland,64110
Leiden,125074
Leiderdorp,27464
Leidschendam-Voorburg,76659
Lisse,23015
Maassluis,34148
Midden-Delfland,19484
Molenlanden,44644
Nieuwkoop,29304
Nissewaard,86332
Noordwijk,44365
Oegstgeest,25499
Papendrecht,32208
Pijnacker-Nootdorp,56572
Ridderkerk,47099
Rijswijk,NA
Rotterdam,655468
Schiedam,79644
Sliedrecht,25897
Teylingen,37942
Vlaardingen,74143
Voorschoten,25627
Waddinxveen,31342
Wassenaar,27115
Westland,112448
Westvoorne,14960
Zoetermeer,125767
Zoeterwoude,9302
Zuidplas,45794
Zwijndrecht,44789
Zuid Hollandse Meren,NA
